{
  "schemaVersion": "2.2",
  "description": "Configure IMS Package. Picks up any instance specific configuration from S3",
  "parameters": {
    "tagkey": {
      "description": "(Required) Specify the tag key",
      "type": "String",
      "displayType": "textarea"
    },
    "tagvalue": {
      "description": "(Required) Specify the tag value",
      "type": "String",
      "displayType": "textarea"
    },
    "instanceid": {
      "description": "(Required) Specify the instance ID",
      "type": "String",
      "displayType": "textarea"
    },
    "region": {
      "description": "(Required) Specify the region ID",
      "type": "String",
      "displayType": "textarea"
    }
  },
  "mainSteps": [
    {
      "precondition": {
        "StringEquals": [
          "platformType",
          "Linux"
        ]
      },
      "action": "aws:runShellScript",
      "name": "runShellScript",
      "inputs": {
        "runCommand": [
          "#!/bin/bash",
          "if ((/usr/local/bin/aws --version) >&/dev/null); then",
          "cli_ver=`/usr/local/bin/aws --version`",
          "awsrc=$?",
          "elif ((aws --version) >&/dev/null); then",
          "cli_ver=`aws --version 2>&1`",
          "awsrc=$?",
          "else",
          "echo 'AWS CLI is not installed, please refer to the ACP recommended package to install AWS CLI'",
          "exit 1",
          "fi",
          "if [ $awsrc -eq 0 ] ; then",
          "cli_ver_finaloutput=`echo $cli_ver | cut -d'.' -f1 | cut -d'/' -f2`",
          "if [[ $cli_ver_finaloutput -ge 2 ]] ; then",
          "echo 'AWS CLI v2 or higher found.'",
          "TOKEN=`curl -s -X PUT \"http://169.254.169.254/latest/api/token\" -H \"X-aws-ec2-metadata-token-ttl-seconds: 21600\"`",
          "instanceId=`curl -s http://169.254.169.254/latest/meta-data/instance-id -H \"X-aws-ec2-metadata-token: $TOKEN\"`",
          "region_ck=`curl -s http://169.254.169.254/latest/dynamic/instance-identity/document -H \"X-aws-ec2-metadata-token: $TOKEN\" | grep \"region\" | cut -d\\\" -f4`",
          "else",
          "echo 'AWS CLI v1 found. If IMDSv2 only opted, COA code will fail. In order to query instance metadata v2 only, AWS CLI v2 or higher is a pre-requisite. Please remediate accordingly'",
          "instanceId=$(curl -s http://169.254.169.254/latest/meta-data/instance-id)",
          "region_ck=$(curl -s http://169.254.169.254/latest/dynamic/instance-identity/document | grep \"region\" | cut -d\\\" -f4)",
          "fi",
          "fi",
          "aws ec2 create-tags --resources $instanceId --tags Key=\"{{tagkey}}\",Value=\"{{tagvalue}}\""
        ]
      }
    },
    {
      "precondition": {
        "StringEquals": [
          "platformType",
          "Windows"
        ]
      },
      "action": "aws:runPowerShellScript",
      "name": "runPowerShellScript",
      "inputs": {
        "runCommand": [
          "$act = 'Install'",
          "if (Test-Path \"C:\\Program Files\\Amazon\\AWSCLI\\\" -PathType Container){Set-Item -Path Env:Path -Value ($Env:Path + \";C:\\Program Files\\Amazon\\AWSCLI\\bin\")",
          "}",
          "if (Test-Path \"C:\\Program Files\\Amazon\\AWSCLIV2\\\" -PathType Container){Set-Item -Path Env:Path -Value ($Env:Path + \";C:\\Program Files\\Amazon\\AWSCLIV2\")",
          "}",
          "try {",
          "$awscli = aws --version",
          "if ($awscli)",
          "{",
          "$awscli_cmd = $awscli.SubString(0, 8)",
          "if ($awscli_cmd -eq \"aws-cli/\"){",
          "$cliversion = $awscli.substring(8, 1)",
          "if ( \"$cliversion\" -eq 1 ){",
          "Write-Output 'AWS CLI v1 found. If IMDSv2 only opted, COA code will fail. As a pre-requisite, for IMDSv2 it requires AWS CLI v2 or higher. To remediate you need AWS CLI v2 or higher.'",
          "$instanceid = Invoke-RestMethod -uri http://169.254.169.254/latest/meta-data/instance-id",
          "$regioninst = Invoke-RestMethod -uri http://169.254.169.254/latest/dynamic/instance-identity/document",
          "$regioninst = $regioninst.region",
          "}",
          "elseif ( \"$cliversion\" -ge 2 )",
          "{",
          "Write-Output 'AWS CLI is greater than or equal to 2'",
          "$token = Invoke-RestMethod -Headers @{\"X-aws-ec2-metadata-token-ttl-seconds\" = \"21600\"} -Method PUT -Uri http://169.254.169.254/latest/api/token",
          "$instanceid = Invoke-RestMethod -Headers @{\"X-aws-ec2-metadata-token\" = $token} -Method GET -Uri http://169.254.169.254/latest/meta-data/instance-id",
          "$token = Invoke-RestMethod -Headers @{\"X-aws-ec2-metadata-token-ttl-seconds\" = \"21600\"} -Method PUT -Uri http://169.254.169.254/latest/api/token",
          "$regioninst = Invoke-RestMethod -Headers @{\"X-aws-ec2-metadata-token\" = $token} -Method GET -Uri http://169.254.169.254/latest/dynamic/instance-identity/document",
          "$regioninst = $regioninst.region",
          "}",
          "}",
          "}",
          "}",
          "catch",
          "{",
          "Write-Output 'AWS CLI is not installed , please refer to the ACP recommened package to install AWS CLI'",
          "exit 1",
          "}",
          "aws ec2 create-tags --resources $instanceid --tags Key=\"{{tagkey}}\",Value=\"{{tagvalue}}\""
        ]
      }
    },
    {
      "precondition": {
        "StringEquals": [
          "platformType",
          "Win","unix"
        ]
      },
      "action": "aws:runPowerShellScript",
      "name": "runPowerShellScript",
      "inputs": {
        "runCommand": [
          "$act = 'Install'",
          "aws ssm describe-instance-patch-states --instance-ids \"$instanceid\"",
          "aws ssm describe-instance-patches --instance-id \"$instanceid\" --filters Key=State,Values=Missing --region \"$region\""
           ]
      }
    }
  ]
}